POWER RANK,Member,POWER RANK VALUE,PPG,PPG Rank,Wins,Win Rank,Overall Wins,Overall Win Rank,Recent Wins,Recent Wins Rank,Consistency Rating,Consistency Rank,ROS Roster Rank
5,rahoolramesh,4.3,354.54999999999995,5,1,3,7,5,0,1,0.0,1,5
4,TATEZ,2.64,359.65,4,1,3,10,2,0,1,0.0,1,2
6,arpanchavan00,5.32,325.16999999999996,7,1,3,3,6,0,1,0.0,1,7
3,rohandang856,2.13,373.97,2,1,3,10,2,0,1,0.0,1,1
2,rowthehill,2.01,360.27,3,2,1,10,2,0,1,0.0,1,3
7,umangchavan,6.35,333.69,6,0,7,3,6,0,1,0.0,1,6
8,joooon,7.65,307.26,8,0,7,0,8,0,1,0.0,1,8
1,nchadz,1.65,392.56,1,2,1,13,1,0,1,0.0,1,4
